[
  {
    "id": 0,
    "name": "template_0",
    "body_part": "lumbar"
  },
  {
    "id": 1,
    "name": "template_1",
    "body_part": "lumbar"
  },
  {
    "id": 2,
    "name": "template_2",
    "body_part": "lumbar"
  },
  {
    "id": 3,
    "name": "template_3",
    "body_part": "lumbar"
  },
  {
    "id": 4,
    "name": "template_4",
    "body_part": "lumbar"
  },
  {
    "id": 5,
    "name": "template_5",
    "body_part": "lumbar"
  },
  {
    "id": 6,
    "name": "template_6",
    "body_part": "lumbar"
  },
  {
    "id": 7,
    "name": "template_7",
    "body_part": "lumbar"
  },
  {
    "id": 8,
    "name": "template_8",
    "body_part": "lumbar"
  },
  {
    "id": 9,
    "name": "template_9",
    "body_part": "lumbar"
  },
  {
    "id": 10,
    "name": "template_10",
    "body_part": "lumbar"
  },
  {
    "id": 11,
    "name": "template_11",
    "body_part": "lumbar"
  },
  {
    "id": 12,
    "name": "template_12",
    "body_part": "lumbar"
  },
  {
    "id": 13,
    "name": "template_13",
    "body_part": "lumbar"
  },
  {
    "id": 14,
    "name": "template_14",
    "body_part": "lumbar"
  },
  {
    "id": 15,
    "name": "template_15",
    "body_part": "lumbar"
  },
  {
    "id": 16,
    "name": "template_16",
    "body_part": "lumbar"
  },
  {
    "id": 17,
    "name": "template_17",
    "body_part": "lumbar"
  },
  {
    "id": 18,
    "name": "template_18",
    "body_part": "lumbar"
  },
  {
    "id": 19,
    "name": "template_19",
    "body_part": "lumbar"
  }
]